year,date,count
2012,05-01,6979
2012,05-02,10375
2012,05-03,10839
2012,05-04,10365
2012,05-05,6395
2012,05-06,4225
2012,05-07,9568
2012,05-08,10420
2012,05-09,9003
2012,05-10,11779
2012,05-11,10599
2012,05-12,6464
2012,05-13,4723
2012,05-14,10679
2012,05-15,8899
2012,05-16,7395
2012,05-17,5256
2012,05-18,7911
2012,05-19,8349
2012,05-20,4918
2012,05-21,8405
2012,05-22,9771
2012,05-23,8966
2012,05-24,10059
2012,05-25,10113
2012,05-26,6816
2012,05-27,3811
2012,05-28,4043
2012,05-29,7496
2012,05-30,6632
2012,05-31,6984
2012,06-01,6393
2012,06-02,6440
2012,06-03,2425
2012,06-04,6541
2012,06-05,8983
2012,06-06,8231
2012,06-07,4143
2012,06-08,6044
2012,06-09,7127
2012,06-10,4417
2012,06-11,8315
2012,06-12,6156
2012,06-13,8928
2012,06-14,10322
2012,06-15,10222
2012,06-16,8428
2012,06-17,6899
2012,06-18,10311
2012,06-19,10547
2012,06-20,9639
2012,06-21,10178
2012,06-22,10554
2012,06-23,8301
2012,06-24,4438
2012,06-25,8464
2012,06-26,11091
2012,06-27,11505
2012,06-28,12375
2012,06-29,9828
2012,06-30,8447
2012,07-01,2552
2012,07-02,7197
2012,07-03,8763
2012,07-04,11019
2012,07-05,11106
2012,07-06,8913
2012,07-07,8358
2012,07-08,5429
2012,07-09,10712
2012,07-10,11334
2012,07-11,10661
2012,07-12,10421
2012,07-13,8024
2012,07-14,6835
2012,07-15,3634
2012,07-16,10717
2012,07-17,10924
2012,07-18,11803
2012,07-19,10777
2012,07-20,9119
2012,07-21,7076
2012,07-22,5358
2012,07-23,10869
2012,07-24,11601
2012,07-25,11690
2012,07-26,11638
2012,07-27,10483
2012,07-28,7491
2012,07-29,4328
2012,07-30,9227
2012,07-31,9720
2012,08-01,9749
2012,08-02,9493
2012,08-03,9187
2012,08-04,6797
2012,08-05,4104
2012,08-06,6398
2012,08-07,8669
2012,08-08,9240
2012,08-09,8556
2012,08-10,8223
2012,08-11,6542
2012,08-12,4350
2012,08-13,7856
2012,08-14,8606
2012,08-15,8222
2012,08-16,7419
2012,08-17,7898
2012,08-18,5925
2012,08-19,3755
2012,08-20,6969
2012,08-21,7836
2012,08-22,7653
2012,08-23,7799
2012,08-24,4674
2012,08-25,5063
2012,08-26,3065
2012,08-27,7625
2012,08-28,7447
2012,08-29,7520
2012,08-30,6248
2012,08-31,5123
2012,09-01,3846
2012,09-02,3240
2012,09-03,7427
2012,09-04,8196
2012,09-05,8279
2012,09-06,8323
2012,09-07,8521
2012,09-08,7107
2012,09-09,4239
2012,09-10,9120
2012,09-11,7274
2012,09-12,6926
2012,09-13,8209
2012,09-14,8667
2012,09-15,6171
2012,09-16,4612
2012,09-17,8831
2012,09-18,8440
2012,09-19,8105
2012,09-20,8923
2012,09-21,8311
2012,09-22,4572
2012,09-23,3838
2012,09-24,6845
2012,09-25,6850
2012,09-26,7435
2012,09-27,7274
2012,09-28,8560
2012,09-29,6968
2012,09-30,3350
2012,10-01,8057
2012,10-02,9328
2012,10-03,4010
2012,10-04,7795
2012,10-05,8913
2012,10-06,6557
2012,10-07,2774
2012,10-08,7781
2012,10-09,5874
2012,10-10,6799
2012,10-11,8685
2012,10-12,6958
2012,10-13,6572
2012,10-14,3205
2012,10-15,7573
2012,10-16,8532
2012,10-17,8958
2012,10-18,9387
2012,10-19,9366
2012,10-20,7580
2012,10-21,4812
2012,10-22,9257
2012,10-23,9552
2012,10-24,9616
2012,10-25,9815
2012,10-26,8486
2012,10-27,3134
2012,10-28,2414
2012,10-29,7352
2012,10-30,7887
2012,10-31,8574
2012,11-01,3723
2012,11-02,6003
2012,11-03,5466
2012,11-04,2217
2012,11-05,7899
2012,11-06,8887
2012,11-07,8661
2012,11-08,9117
2012,11-09,8730
2012,11-10,3688
2012,11-11,2294
2012,11-12,8323
2012,11-13,8823
2012,11-14,8708
2012,11-15,8383
2012,11-16,7834
2012,11-17,5882
2012,11-18,3704
2012,11-19,7844
2012,11-20,8329
2012,11-21,8681
2012,11-22,8250
2012,11-23,8448
2012,11-24,6358
2012,11-25,3660
2012,11-26,6204
2012,11-27,6058
2012,11-28,5872
2012,11-29,6349
2012,11-30,6781
2012,12-01,5028
2012,12-02,2224
2012,12-03,6083
2012,12-04,6741
2012,12-05,6319
2012,12-06,6285
2012,12-07,5231
2012,12-08,3659
2012,12-09,1965
2012,12-10,5771
2012,12-11,4236
2012,12-12,4305
2012,12-13,4779
2012,12-14,5275
2012,12-15,4585
2012,12-16,2955
2012,12-17,7175
2012,12-18,7568
2012,12-19,7930
2012,12-20,6237
2012,12-21,5930
2012,12-22,3394
2012,12-23,1785
2012,12-24,2522
2012,12-25,947
2012,12-26,874
2012,12-27,1921
2012,12-28,3031
2012,12-29,3286
2012,12-30,1818
2012,12-31,2928
2013,01-01,1399
2013,01-02,3831
2013,01-03,3755
2013,01-04,4051
2013,01-05,3505
2013,01-06,2238
2013,01-07,6786
2013,01-08,7236
2013,01-09,7350
2013,01-10,6934
2013,01-11,6768
2013,01-12,5010
2013,01-13,2696
2013,01-14,6278
2013,01-15,6325
2013,01-16,6094
2013,01-17,4180
2013,01-18,4171
2013,01-19,2509
2013,01-20,806
2013,01-21,3990
2013,01-22,5671
2013,01-23,6069
2013,01-24,5926
2013,01-25,5707
2013,01-26,4282
2013,01-27,2399
2013,01-28,6439
2013,01-29,5841
2013,01-30,6317
2013,01-31,6898
2013,02-01,5420
2013,02-02,4456
2013,02-03,3066
2013,02-04,5696
2013,02-05,5588
2013,02-06,5514
2013,02-07,4340
2013,02-08,4624
2013,02-09,2959
2013,02-10,1950
2013,02-11,2978
2013,02-12,3183
2013,02-13,3765
2013,02-14,4313
2013,02-15,4163
2013,02-16,3691
2013,02-17,2029
2013,02-18,5791
2013,02-19,6137
2013,02-20,5630
2013,02-21,5666
2013,02-22,5036
2013,02-23,3180
2013,02-24,1424
2013,02-25,4868
2013,02-26,5502
2013,02-27,5708
2013,02-28,5780
2013,03-01,5770
2013,03-02,4053
2013,03-03,2500
2013,03-04,6196
2013,03-05,6539
2013,03-06,6609
2013,03-07,6947
2013,03-08,6351
2013,03-09,4720
2013,03-10,2591
2013,03-11,4953
2013,03-12,5424
2013,03-13,4755
2013,03-14,5541
2013,03-15,5335
2013,03-16,4300
2013,03-17,2165
2013,03-18,5077
2013,03-19,5974
2013,03-20,5964
2013,03-21,6992
2013,03-22,6657
2013,03-23,3501
2013,03-24,2524
2013,03-25,4525
2013,03-26,4926
2013,03-27,5243
2013,03-28,4415
2013,03-29,1931
2013,03-30,2713
2013,03-31,1282
2013,04-01,1868
2013,04-02,5581
2013,04-03,5451
2013,04-04,6085
2013,04-05,5848
2013,04-06,5021
2013,04-07,2252
2013,04-08,6687
2013,04-09,6329
2013,04-10,6950
2013,04-11,5879
2013,04-12,7683
2013,04-13,6313
2013,04-14,5263
2013,04-15,10654
2013,04-16,10540
2013,04-17,11670
2013,04-18,9912
2013,04-19,8496
2013,04-20,5593
2013,04-21,3985
2013,04-22,8948
2013,04-23,11316
2013,04-24,11745
2013,04-25,11855
2013,04-26,8087
2013,04-27,3783
2013,04-28,3230
2013,04-29,7509
2013,04-30,9813
2013,05-01,6038
2013,05-02,9016
2013,05-03,8341
2013,05-04,6095
2013,05-05,5325
2013,05-06,9511
2013,05-07,11094
2013,05-08,11603
2013,05-09,5213
2013,05-10,6363
2013,05-11,7314
2013,05-12,3243
2013,05-13,8995
2013,05-14,11043
2013,05-15,9755
2013,05-16,8707
2013,05-17,6782
2013,05-18,7005
2013,05-19,2344
2013,05-20,2075
2013,05-21,4459
2013,05-22,4814
2013,05-23,5301
2013,05-24,5453
2013,05-25,4501
2013,05-26,2219
2013,05-27,8207
2013,05-28,8203
2013,05-29,6639
2013,05-30,4381
2013,05-31,3449
2013,06-01,3136
2013,06-02,5256
2013,06-03,9966
2013,06-04,11444
2013,06-05,11365
2013,06-06,12206
2013,06-07,10002
2013,06-08,8130
2013,06-09,5050
2013,06-10,8992
2013,06-11,10517
2013,06-12,11428
2013,06-13,11615
2013,06-14,9972
2013,06-15,7792
2013,06-16,5321
2013,06-17,11257
2013,06-18,11954
2013,06-19,11644
2013,06-20,9977
2013,06-21,10522
2013,06-22,8998
2013,06-23,5211
2013,06-24,8632
2013,06-25,9773
2013,06-26,11111
2013,06-27,8930
2013,06-28,10050
2013,06-29,5184
2013,06-30,5189
2013,07-01,11248
2013,07-02,12037
2013,07-03,7787
2013,07-04,9793
2013,07-05,11061
2013,07-06,8460
2013,07-07,5842
2013,07-08,11615
2013,07-09,12059
2013,07-10,12514
2013,07-11,12394
2013,07-12,11621
2013,07-13,9759
2013,07-14,6124
2013,07-15,11663
2013,07-16,12326
2013,07-17,11785
2013,07-18,11730
2013,07-19,10617
2013,07-20,8644
2013,07-21,5861
2013,07-22,10574
2013,07-23,10900
2013,07-24,9959
2013,07-25,11598
2013,07-26,9791
2013,07-27,7046
2013,07-28,3391
2013,07-29,5331
2013,07-30,9794
2013,07-31,9638
2013,08-01,9436
2013,08-02,8767
2013,08-03,6907
2013,08-04,4391
2013,08-05,8781
2013,08-06,8831
2013,08-07,7310
2013,08-08,7654
2013,08-09,8120
2013,08-10,6896
2013,08-11,4199
2013,08-12,8207
2013,08-13,7775
2013,08-14,8316
2013,08-15,8180
2013,08-16,8081
2013,08-17,6381
2013,08-18,3812
2013,08-19,6154
2013,08-20,8032
2013,08-21,8121
2013,08-22,7844
2013,08-23,7544
2013,08-24,4404
2013,08-25,2588
2013,08-26,6992
2013,08-27,6686
2013,08-28,6575
2013,08-29,7972
2013,08-30,7836
2013,08-31,5884
2013,09-01,3572
2013,09-02,7789
2013,09-03,8638
2013,09-04,8812
2013,09-05,8711
2013,09-06,8406
2013,09-07,6287
2013,09-08,3061
2013,09-09,8554
2013,09-10,6081
2013,09-11,6612
2013,09-12,6466
2013,09-13,8419
2013,09-14,5534
2013,09-15,2670
2013,09-16,6345
2013,09-17,7386
2013,09-18,5725
2013,09-19,7980
2013,09-20,7979
2013,09-21,7133
2013,09-22,4771
2013,09-23,8886
2013,09-24,9395
2013,09-25,9676
2013,09-26,8831
2013,09-27,9070
2013,09-28,8425
2013,09-29,3511
2013,09-30,8589
2013,10-01,9081
2013,10-02,9697
2013,10-03,4504
2013,10-04,7207
2013,10-05,4666
2013,10-06,2834
2013,10-07,8269
2013,10-08,8839
2013,10-09,8832
2013,10-10,5542
2013,10-11,7137
2013,10-12,5432
2013,10-13,3595
2013,10-14,7441
2013,10-15,7586
2013,10-16,9193
2013,10-17,9720
2013,10-18,9597
2013,10-19,7715
2013,10-20,2913
2013,10-21,9541
2013,10-22,11434
2013,10-23,7742
2013,10-24,11033
2013,10-25,10150
2013,10-26,7839
2013,10-27,4052
2013,10-28,8463
2013,10-29,9083
2013,10-30,9629
2013,10-31,9059
2013,11-01,3854
2013,11-02,5309
2013,11-03,2932
2013,11-04,7199
2013,11-05,8765
2013,11-06,8586
2013,11-07,9238
2013,11-08,8075
2013,11-09,6301
2013,11-10,2514
2013,11-11,8843
2013,11-12,9139
2013,11-13,8755
2013,11-14,8328
2013,11-15,8194
2013,11-16,6076
2013,11-17,3312
2013,11-18,8938
2013,11-19,7492
2013,11-20,7046
2013,11-21,6511
2013,11-22,6681
2013,11-23,4926
2013,11-24,2844
2013,11-25,7642
2013,11-26,7790
2013,11-27,7735
2013,11-28,7533
2013,11-29,7412
2013,11-30,5298
2013,12-01,2923
2013,12-02,7810
2013,12-03,7989
2013,12-04,8105
2013,12-05,7839
2013,12-06,6984
2013,12-07,5456
2013,12-08,3448
2013,12-09,7444
2013,12-10,7963
2013,12-11,8102
2013,12-12,7369
2013,12-13,6839
2013,12-14,4369
2013,12-15,3119
2013,12-16,7844
2013,12-17,8631
2013,12-18,8690
2013,12-19,7346
2013,12-20,7057
2013,12-21,4866
2013,12-22,2030
2013,12-23,4584
2013,12-24,2032
2013,12-25,584
2013,12-26,575
2013,12-27,3006
2013,12-28,1523
2013,12-29,1633
2013,12-30,3719
2013,12-31,2727
2014,01-01,1644
2014,01-02,3054
2014,01-03,4240
2014,01-04,2814
2014,01-05,2635
2014,01-06,2820
2014,01-07,8331
2014,01-08,8291
2014,01-09,8646
2014,01-10,8383
2014,01-11,5530
2014,01-12,3653
2014,01-13,7202
2014,01-14,7452
2014,01-15,8459
2014,01-16,7116
2014,01-17,7778
2014,01-18,5879
2014,01-19,3326
2014,01-20,7004
2014,01-21,7486
2014,01-22,8088
2014,01-23,7394
2014,01-24,7040
2014,01-25,5506
2014,01-26,3232
2014,01-27,7362
2014,01-28,8190
2014,01-29,8289
2014,01-30,8233
2014,01-31,7884
2014,02-01,4992
2014,02-02,3190
2014,02-03,7579
2014,02-04,7734
2014,02-05,7523
2014,02-06,8565
2014,02-07,6978
2014,02-08,4760
2014,02-09,3103
2014,02-10,7063
2014,02-11,7959
2014,02-12,8468
2014,02-13,6232
2014,02-14,7711
2014,02-15,3742
2014,02-16,2815
2014,02-17,7783
2014,02-18,8164
2014,02-19,8069
2014,02-20,8012
2014,02-21,6428
2014,02-22,4988
2014,02-23,3720
2014,02-24,7975
2014,02-25,8322
2014,02-26,5709
2014,02-27,7430
2014,02-28,6274
2014,03-01,4784
2014,03-02,3032
2014,03-03,5096
2014,03-04,5848
2014,03-05,6890
2014,03-06,7375
2014,03-07,7646
2014,03-08,6263
2014,03-09,4465
2014,03-10,8347
2014,03-11,8870
2014,03-12,8947
2014,03-13,8842
2014,03-14,8658
2014,03-15,5309
2014,03-16,3990
2014,03-17,8789
2014,03-18,9181
2014,03-19,8620
2014,03-20,9535
2014,03-21,8529
2014,03-22,4226
2014,03-23,2803
2014,03-24,6198
2014,03-25,7822
2014,03-26,10079
2014,03-27,8673
2014,03-28,8576
2014,03-29,7325
2014,03-30,4513
2014,03-31,8731
2014,04-01,9986
2014,04-02,10142
2014,04-03,9686
2014,04-04,9246
2014,04-05,5800
2014,04-06,3309
2014,04-07,9927
2014,04-08,8587
2014,04-09,10405
2014,04-10,10345
2014,04-11,10177
2014,04-12,8237
2014,04-13,5211
2014,04-14,8647
2014,04-15,8995
2014,04-16,8721
2014,04-17,8574
2014,04-18,2299
2014,04-19,4144
2014,04-20,2501
2014,04-21,2089
2014,04-22,7807
2014,04-23,8181
2014,04-24,8944
2014,04-25,8153
2014,04-26,6311
2014,04-27,3564
2014,04-28,8016
2014,04-29,9750
2014,04-30,8214
2014,05-01,5429
2014,05-02,7064
2014,05-03,6105
2014,05-04,4752
2014,05-05,11517
2014,05-06,11475
2014,05-07,8840
2014,05-08,11118
2014,05-09,9382
2014,05-10,7233
2014,05-11,3444
2014,05-12,8732
2014,05-13,8716
2014,05-14,10347
2014,05-15,10510
2014,05-16,10527
2014,05-17,9732
2014,05-18,5761
2014,05-19,11259
2014,05-20,12592
2014,05-21,12494
2014,05-22,11486
2014,05-23,10190
2014,05-24,8701
2014,05-25,5784
2014,05-26,10162
2014,05-27,9220
2014,05-28,11530
2014,05-29,6025
2014,05-30,9122
2014,05-31,8065
2014,06-01,5457
2014,06-02,11244
2014,06-03,12125
2014,06-04,10014
2014,06-05,12057
2014,06-06,10823
2014,06-07,7323
2014,06-08,4121
2014,06-09,3966
2014,06-10,8043
2014,06-11,8365
2014,06-12,8406
2014,06-13,8868
2014,06-14,6838
2014,06-15,5780
2014,06-16,11992
2014,06-17,10026
2014,06-18,11386
2014,06-19,6263
2014,06-20,9715
2014,06-21,8854
2014,06-22,5507
2014,06-23,11484
2014,06-24,12295
2014,06-25,13056
2014,06-26,13939
2014,06-27,11880
2014,06-28,7126
2014,06-29,4212
2014,06-30,10528
2014,07-01,13616
2014,07-02,12406
2014,07-03,13451
2014,07-04,12201
2014,07-05,6945
2014,07-06,5687
2014,07-07,9734
2014,07-08,8513
2014,07-09,9360
2014,07-10,9986
2014,07-11,10152
2014,07-12,8192
2014,07-13,7592
2014,07-14,11818
2014,07-15,13053
2014,07-16,13060
2014,07-17,13251
2014,07-18,12095
2014,07-19,8454
2014,07-20,3944
2014,07-21,9197
2014,07-22,7991
2014,07-23,13871
2014,07-24,13785
2014,07-25,12110
2014,07-26,6199
2014,07-27,5657
2014,07-28,9720
2014,07-29,9027
2014,07-30,8850
2014,07-31,12123
2014,08-01,11046
2014,08-02,7769
2014,08-03,4993
2014,08-04,9997
2014,08-05,10690
2014,08-06,10176
2014,08-07,8804
2014,08-08,10012
2014,08-09,6867
2014,08-10,4174
2014,08-11,8271
2014,08-12,9299
2014,08-13,5982
2014,08-14,8362
2014,08-15,6540
2014,08-16,5813
2014,08-17,4259
2014,08-18,7411
2014,08-19,8650
2014,08-20,8586
2014,08-21,8571
2014,08-22,7796
2014,08-23,5204
2014,08-24,3643
2014,08-25,7136
2014,08-26,6112
2014,08-27,6747
2014,08-28,8241
2014,08-29,6494
2014,08-30,6344
2014,08-31,2413
2014,09-01,7308
2014,09-02,8081
2014,09-03,7886
2014,09-04,8359
2014,09-05,8148
2014,09-06,6786
2014,09-07,4382
2014,09-08,8825
2014,09-09,9358
2014,09-10,9354
2014,09-11,9031
2014,09-12,5618
2014,09-13,5975
2014,09-14,4480
2014,09-15,9759
2014,09-16,10462
2014,09-17,10700
2014,09-18,9681
2014,09-19,9891
2014,09-20,7956
2014,09-21,2811
2014,09-22,8670
2014,09-23,9814
2014,09-24,8833
2014,09-25,9026
2014,09-26,9697
2014,09-27,9533
2014,09-28,4844
2014,09-29,10029
2014,09-30,9714
2014,10-01,10849
2014,10-02,10952
2014,10-03,4998
2014,10-04,7934
2014,10-05,4111
2014,10-06,9889
2014,10-07,7884
2014,10-08,9512
2014,10-09,10054
2014,10-10,8581
2014,10-11,7119
2014,10-12,4570
2014,10-13,9240
2014,10-14,11487
2014,10-15,10541
2014,10-16,9895
2014,10-17,10112
2014,10-18,9184
2014,10-19,5915
2014,10-20,11034
2014,10-21,10052
2014,10-22,9924
2014,10-23,10774
2014,10-24,10443
2014,10-25,7616
2014,10-26,5144
2014,10-27,9435
2014,10-28,10141
2014,10-29,10647
2014,10-30,10211
2014,10-31,9999
2014,11-01,5593
2014,11-02,4828
2014,11-03,10394
2014,11-04,10676
2014,11-05,7020
2014,11-06,10405
2014,11-07,9207
2014,11-08,7947
2014,11-09,4882
2014,11-10,8341
2014,11-11,9649
2014,11-12,9337
2014,11-13,9762
2014,11-14,9535
2014,11-15,5377
2014,11-16,3269
2014,11-17,8249
2014,11-18,9720
2014,11-19,10568
2014,11-20,9886
2014,11-21,8827
2014,11-22,7219
2014,11-23,4321
2014,11-24,10332
2014,11-25,10287
2014,11-26,9868
2014,11-27,9848
2014,11-28,9261
2014,11-29,6463
2014,11-30,3676
2014,12-01,8700
2014,12-02,9038
2014,12-03,9025
2014,12-04,9536
2014,12-05,8531
2014,12-06,5322
2014,12-07,3517
2014,12-08,8740
2014,12-09,8492
2014,12-10,8605
2014,12-11,8762
2014,12-12,8547
2014,12-13,7027
2014,12-14,4105
2014,12-15,9233
2014,12-16,9693
2014,12-17,7682
2014,12-18,8541
2014,12-19,8505
2014,12-20,5911
2014,12-21,3284
2014,12-22,6783
2014,12-23,5511
2014,12-24,2091
2014,12-25,992
2014,12-26,1033
2014,12-27,1638
2014,12-28,753
2014,12-29,1302
2014,12-30,1101
2014,12-31,1321
2015,01-01,925
2015,01-02,1819
2015,01-03,2376
2015,01-04,2179
2015,01-05,5157
2015,01-06,2767
2015,01-07,7155
2015,01-08,7857
2015,01-09,7255
2015,01-10,5584
2015,01-11,3199
2015,01-12,8393
2015,01-13,9462
2015,01-14,7382
2015,01-15,9010
2015,01-16,5835
2015,01-17,3947
2015,01-18,3368
2015,01-19,7270
2015,01-20,6780
2015,01-21,8062
2015,01-22,8293
2015,01-23,7968
2015,01-24,4637
2015,01-25,2924
2015,01-26,6145
2015,01-27,7323
2015,01-28,7885
2015,01-29,7905
2015,01-30,7188
2015,01-31,4837
2015,02-01,2646
2015,02-02,6543
2015,02-03,7519
2015,02-04,7954
2015,02-05,7295
2015,02-06,6998
2015,02-07,5113
2015,02-08,2130
2015,02-09,6793
2015,02-10,7778
2015,02-11,7842
2015,02-12,7801
2015,02-13,7034
2015,02-14,4832
2015,02-15,2673
2015,02-16,5145
2015,02-17,6159
2015,02-18,6617
2015,02-19,6713
2015,02-20,6908
2015,02-21,3511
2015,02-22,2846
2015,02-23,5120
2015,02-24,7234
2015,02-25,7899
2015,02-26,7954
2015,02-27,4620
2015,02-28,5159
2015,03-01,2801
2015,03-02,7526
2015,03-03,8194
2015,03-04,7989
2015,03-05,8427
2015,03-06,8413
2015,03-07,6333
2015,03-08,4158
2015,03-09,8675
2015,03-10,8962
2015,03-11,8833
2015,03-12,9296
2015,03-13,8888
2015,03-14,6584
2015,03-15,4143
2015,03-16,8725
2015,03-17,9547
2015,03-18,9637
2015,03-19,9885
2015,03-20,9296
2015,03-21,6346
2015,03-22,3889
2015,03-23,9642
2015,03-24,10106
2015,03-25,8635
2015,03-26,7929
2015,03-27,9026
2015,03-28,6684
2015,03-29,2160
2015,03-30,6693
2015,03-31,6215
2015,04-01,6340
2015,04-02,4877
2015,04-03,2925
2015,04-04,2308
2015,04-05,2114
2015,04-06,2566
2015,04-07,7805
2015,04-08,8514
2015,04-09,9190
2015,04-10,9667
2015,04-11,5154
2015,04-12,5614
2015,04-13,11182
2015,04-14,11999
2015,04-15,12751
2015,04-16,11633
2015,04-17,6308
2015,04-18,8989
2015,04-19,6762
2015,04-20,13129
2015,04-21,14094
2015,04-22,14617
2015,04-23,14232
2015,04-24,13447
2015,04-25,6981
2015,04-26,5427
2015,04-27,10728
2015,04-28,10396
2015,04-29,13834
2015,04-30,12014
2015,05-01,3032
2015,05-02,6720
2015,05-03,3251
2015,05-04,12486
2015,05-05,12052
2015,05-06,14192
2015,05-07,14618
2015,05-08,13248
2015,05-09,10202
2015,05-10,6885
2015,05-11,14010
2015,05-12,15020
2015,05-13,14376
2015,05-14,5624
2015,05-15,5938
2015,05-16,9145
2015,05-17,6627
2015,05-18,14163
2015,05-19,12534
2015,05-20,10461
2015,05-21,13612
2015,05-22,12391
2015,05-23,8386
2015,05-24,4570
2015,05-25,3352
2015,05-26,7881
2015,05-27,9163
2015,05-28,9208
2015,05-29,8246
2015,05-30,6690
2015,05-31,5251
2015,06-01,9917
2015,06-02,12618
2015,06-03,12935
2015,06-04,7626
2015,06-05,10709
2015,06-06,8590
2015,06-07,6547
2015,06-08,12241
2015,06-09,13848
2015,06-10,14144
2015,06-11,15119
2015,06-12,12375
2015,06-13,10436
2015,06-14,6941
2015,06-15,9759
2015,06-16,13074
2015,06-17,15148
2015,06-18,11059
2015,06-19,12566
2015,06-20,8211
2015,06-21,5855
2015,06-22,11953
2015,06-23,13404
2015,06-24,14448
2015,06-25,14686
2015,06-26,13272
2015,06-27,9101
2015,06-28,10322
2015,06-29,13552
2015,06-30,15049
2015,07-01,15159
2015,07-02,14354
2015,07-03,13117
2015,07-04,9169
2015,07-05,6693
2015,07-06,13743
2015,07-07,13988
2015,07-08,13889
2015,07-09,14517
2015,07-10,13809
2015,07-11,9881
2015,07-12,6939
2015,07-13,13314
2015,07-14,14877
2015,07-15,15259
2015,07-16,14847
2015,07-17,13327
2015,07-18,9915
2015,07-19,7581
2015,07-20,13918
2015,07-21,14734
2015,07-22,14114
2015,07-23,14723
2015,07-24,14687
2015,07-25,10575
2015,07-26,6927
2015,07-27,12139
2015,07-28,13261
2015,07-29,11616
2015,07-30,13391
2015,07-31,12825
2015,08-01,8311
2015,08-02,6666
2015,08-03,11695
2015,08-04,10835
2015,08-05,12492
2015,08-06,11618
2015,08-07,10476
2015,08-08,8206
2015,08-09,5425
2015,08-10,9471
2015,08-11,10869
2015,08-12,10753
2015,08-13,10178
2015,08-14,8452
2015,08-15,7106
2015,08-16,3135
2015,08-17,9257
2015,08-18,9823
2015,08-19,9690
2015,08-20,9972
2015,08-21,9513
2015,08-22,7292
2015,08-23,3532
2015,08-24,5725
2015,08-25,9416
2015,08-26,9695
2015,08-27,9682
2015,08-28,9390
2015,08-29,7371
2015,08-30,5241
2015,08-31,9407
2015,09-01,7537
2015,09-02,9884
2015,09-03,9596
2015,09-04,9487
2015,09-05,7187
2015,09-06,4108
2015,09-07,9413
2015,09-08,10102
2015,09-09,10725
2015,09-10,10558
2015,09-11,10310
2015,09-12,7092
2015,09-13,4557
2015,09-14,9001
2015,09-15,9937
2015,09-16,8895
2015,09-17,7405
2015,09-18,10575
2015,09-19,6842
2015,09-20,5211
2015,09-21,10961
2015,09-22,9117
2015,09-23,9145
2015,09-24,11092
2015,09-25,11013
2015,09-26,9856
2015,09-27,5786
2015,09-28,10608
2015,09-29,11552
2015,09-30,11803
2015,10-01,11615
2015,10-02,11083
2015,10-03,6090
2015,10-04,5292
2015,10-05,10081
2015,10-06,9704
2015,10-07,11264
2015,10-08,11523
2015,10-09,11057
2015,10-10,8161
2015,10-11,5744
2015,10-12,11189
2015,10-13,10842
2015,10-14,10738
2015,10-15,9681
2015,10-16,10067
2015,10-17,6880
2015,10-18,4762
2015,10-19,11424
2015,10-20,12360
2015,10-21,12689
2015,10-22,12143
2015,10-23,11623
2015,10-24,8992
2015,10-25,6212
2015,10-26,11954
2015,10-27,12086
2015,10-28,12573
2015,10-29,11845
2015,10-30,11455
2015,10-31,8190
2015,11-01,4935
2015,11-02,9975
2015,11-03,10439
2015,11-04,11089
2015,11-05,11473
2015,11-06,10527
2015,11-07,8734
2015,11-08,6191
2015,11-09,11789
2015,11-10,13019
2015,11-11,13251
2015,11-12,12840
2015,11-13,11634
2015,11-14,8135
2015,11-15,5652
2015,11-16,11861
2015,11-17,11500
2015,11-18,12693
2015,11-19,11600
2015,11-20,6200
2015,11-21,5327
2015,11-22,3524
2015,11-23,10107
2015,11-24,10384
2015,11-25,9162
2015,11-26,9085
2015,11-27,9331
2015,11-28,6125
2015,11-29,3574
2015,11-30,9413
2015,12-01,10474
2015,12-02,11765
2015,12-03,11014
2015,12-04,9663
2015,12-05,8129
2015,12-06,4932
2015,12-07,11123
2015,12-08,11931
2015,12-09,11358
2015,12-10,11386
2015,12-11,9976
2015,12-12,7802
2015,12-13,5516
2015,12-14,10745
2015,12-15,11456
2015,12-16,11144
2015,12-17,12130
2015,12-18,11233
2015,12-19,8452
2015,12-20,5043
2015,12-21,8679
2015,12-22,10334
2015,12-23,7061
2015,12-24,2838
2015,12-25,1565
2015,12-26,1870
2015,12-27,2384
2015,12-28,4840
2015,12-29,5156
2015,12-30,5031
2015,12-31,2859
2016,01-01,1970
2016,01-02,2637
2016,01-03,2882
2016,01-04,5700
2016,01-05,6399
2016,01-06,2505
2016,01-07,6750
2016,01-08,6966
2016,01-09,5944
2016,01-10,3532
2016,01-11,7189
2016,01-12,8425
2016,01-13,9291
2016,01-14,9557
2016,01-15,8021
2016,01-16,4545
2016,01-17,2456
2016,01-18,6138
2016,01-19,7107
2016,01-20,7516
2016,01-21,7847
2016,01-22,7231
2016,01-23,5639
2016,01-24,4241
2016,01-25,9489
2016,01-26,10472
2016,01-27,10477
2016,01-28,9312
2016,01-29,9862
2016,01-30,6022
2016,01-31,3296
2016,02-01,9647
2016,02-02,10291
2016,02-03,8918
2016,02-04,8089
2016,02-05,8802
2016,02-06,6729
2016,02-07,3384
2016,02-08,5865
2016,02-09,6235
2016,02-10,7560
2016,02-11,8617
2016,02-12,7977
2016,02-13,4945
2016,02-14,2893
2016,02-15,7482
2016,02-16,8863
2016,02-17,8852
2016,02-18,9218
2016,02-19,8004
2016,02-20,4804
2016,02-21,3806
2016,02-22,9069
2016,02-23,7423
2016,02-24,9014
2016,02-25,6542
2016,02-26,8136
2016,02-27,6313
2016,02-28,3620
2016,02-29,7587
2016,03-01,7200
2016,03-02,6866
2016,03-03,7106
2016,03-04,6899
2016,03-05,5555
2016,03-06,3287
2016,03-07,7940
2016,03-08,6863
2016,03-09,8887
2016,03-10,8901
2016,03-11,8558
2016,03-12,6057
2016,03-13,3600
2016,03-14,8720
2016,03-15,8326
2016,03-16,8881
2016,03-17,9586
2016,03-18,9669
2016,03-19,6878
2016,03-20,4128
2016,03-21,9452
2016,03-22,9615
2016,03-23,8652
2016,03-24,8599
2016,03-25,1949
2016,03-26,5483
2016,03-27,1908
2016,03-28,2615
2016,03-29,7567
2016,03-30,6994
2016,03-31,8360
2016,04-01,7372
2016,04-02,6976
2016,04-03,3217
2016,04-04,9730
2016,04-05,8857
2016,04-06,10790
2016,04-07,8986
2016,04-08,9865
2016,04-09,6869
2016,04-10,6407
2016,04-11,10889
2016,04-12,11090
2016,04-13,9273
2016,04-14,12012
2016,04-15,7266
2016,04-16,5176
2016,04-17,3381
2016,04-18,9055
2016,04-19,14830
2016,04-20,14662
2016,04-21,17586
2016,04-22,13387
2016,04-23,5246
2016,04-24,4458
2016,04-25,10188
2016,04-26,8660
2016,04-27,11138
2016,04-28,11843
2016,04-29,12165
2016,04-30,7856
2016,05-01,3834
2016,05-02,12754
2016,05-03,11536
2016,05-04,14780
2016,05-05,7842
2016,05-06,11585
2016,05-07,11558
2016,05-08,7225
2016,05-09,13209
2016,05-10,12900
2016,05-11,13490
2016,05-12,9272
2016,05-13,8584
2016,05-14,5210
2016,05-15,3812
2016,05-16,2523
2016,05-17,8761
2016,05-18,9143
2016,05-19,7588
2016,05-20,9801
2016,05-21,7961
2016,05-22,5230
2016,05-23,6229
2016,05-24,9336
2016,05-25,12747
2016,05-26,7638
2016,05-27,11033
2016,05-28,8947
2016,05-29,4965
2016,05-30,8967
2016,05-31,13516
2016,06-01,14653
2016,06-02,13202
2016,06-03,12310
2016,06-04,6493
2016,06-05,6335
2016,06-06,14114
2016,06-07,15024
2016,06-08,9887
2016,06-09,15108
2016,06-10,14632
2016,06-11,8500
2016,06-12,5469
2016,06-13,10670
2016,06-14,11507
2016,06-15,11390
2016,06-16,11089
2016,06-17,10119
2016,06-18,9508
2016,06-19,9720
2016,06-20,14039
2016,06-21,14233
2016,06-22,15715
2016,06-23,15117
2016,06-24,13765
2016,06-25,8012
2016,06-26,7477
2016,06-27,13887
2016,06-28,15278
2016,06-29,15040
2016,06-30,13718
2016,07-01,13486
2016,07-02,8171
2016,07-03,7564
2016,07-04,14652
2016,07-05,15445
2016,07-06,15840
2016,07-07,16854
2016,07-08,14407
2016,07-09,11735
2016,07-10,8338
2016,07-11,13482
2016,07-12,12760
2016,07-13,11460
2016,07-14,12651
2016,07-15,13377
2016,07-16,10901
2016,07-17,8163
2016,07-18,14567
2016,07-19,15784
2016,07-20,15251
2016,07-21,15185
2016,07-22,12658
2016,07-23,10538
2016,07-24,7796
2016,07-25,14235
2016,07-26,14949
2016,07-27,15061
2016,07-28,14358
2016,07-29,13350
2016,07-30,9955
2016,07-31,5284
2016,08-01,12476
2016,08-02,9700
2016,08-03,12607
2016,08-04,10188
2016,08-05,9148
2016,08-06,8428
2016,08-07,6063
2016,08-08,10930
2016,08-09,9233
2016,08-10,10543
2016,08-11,10869
2016,08-12,9866
2016,08-13,8118
2016,08-14,5906
2016,08-15,10670
2016,08-16,10741
2016,08-17,10611
2016,08-18,8572
2016,08-19,9458
2016,08-20,5358
2016,08-21,4314
2016,08-22,9717
2016,08-23,10413
2016,08-24,10307
2016,08-25,10128
2016,08-26,9098
2016,08-27,6696
2016,08-28,5305
2016,08-29,9341
2016,08-30,10720
2016,08-31,10670
2016,09-01,10604
2016,09-02,10315
2016,09-03,7782
2016,09-04,3750
2016,09-05,7984
2016,09-06,11197
2016,09-07,11336
2016,09-08,11564
2016,09-09,11073
2016,09-10,9031
2016,09-11,6075
2016,09-12,11969
2016,09-13,12703
2016,09-14,12992
2016,09-15,11256
2016,09-16,10233
2016,09-17,8939
2016,09-18,3184
2016,09-19,10892
2016,09-20,11815
2016,09-21,12549
2016,09-22,12167
2016,09-23,11829
2016,09-24,10452
2016,09-25,6384
2016,09-26,11108
2016,09-27,11731
2016,09-28,12875
2016,09-29,12545
2016,09-30,11470
2016,10-01,6900
2016,10-02,4885
2016,10-03,5528
2016,10-04,11811
2016,10-05,12236
2016,10-06,11910
2016,10-07,10793
2016,10-08,8131
2016,10-09,4051
2016,10-10,11057
2016,10-11,11621
2016,10-12,12466
2016,10-13,12242
2016,10-14,11102
2016,10-15,9280
2016,10-16,6185
2016,10-17,11184
2016,10-18,11261
2016,10-19,12056
2016,10-20,11784
2016,10-21,10654
2016,10-22,8935
2016,10-23,3569
2016,10-24,11189
2016,10-25,11173
2016,10-26,12458
2016,10-27,13194
2016,10-28,11332
2016,10-29,7736
2016,10-30,4042
2016,10-31,9234
2016,11-01,5595
2016,11-02,10381
2016,11-03,11139
2016,11-04,9969
2016,11-05,4758
2016,11-06,3357
2016,11-07,10176
2016,11-08,11056
2016,11-09,10039
2016,11-10,10098
2016,11-11,8987
2016,11-12,6351
2016,11-13,4275
2016,11-14,10147
2016,11-15,10933
2016,11-16,9369
2016,11-17,10960
2016,11-18,7775
2016,11-19,5348
2016,11-20,5011
2016,11-21,11038
2016,11-22,12182
2016,11-23,11600
2016,11-24,11564
2016,11-25,11322
2016,11-26,7551
2016,11-27,4672
2016,11-28,11156
2016,11-29,11264
2016,11-30,11054
2016,12-01,11132
2016,12-02,10276
2016,12-03,6761
2016,12-04,4024
2016,12-05,10161
2016,12-06,10302
2016,12-07,9334
2016,12-08,10374
2016,12-09,10195
2016,12-10,7705
2016,12-11,4202
2016,12-12,10681
2016,12-13,10489
2016,12-14,11337
2016,12-15,10865
2016,12-16,9865
2016,12-17,6730
2016,12-18,3967
2016,12-19,10708
2016,12-20,10456
2016,12-21,10238
2016,12-22,8998
2016,12-23,5594
2016,12-24,2120
2016,12-25,1022
2016,12-26,1183
2016,12-27,3539
2016,12-28,3856
2016,12-29,3409
2016,12-30,3565
2016,12-31,2169
2017,01-01,1570
2017,01-02,3107
2017,01-03,2838
2017,01-04,3286
2017,01-05,3001
2017,01-06,1428
2017,01-07,2359
2017,01-08,1628
2017,01-09,6565
2017,01-10,5559
2017,01-11,6926
2017,01-12,8046
2017,01-13,7378
2017,01-14,4054
2017,01-15,1816
2017,01-16,5914
2017,01-17,6565
2017,01-18,6816
2017,01-19,7025
2017,01-20,6309
2017,01-21,4087
2017,01-22,2592
2017,01-23,6113
2017,01-24,6259
2017,01-25,6674
2017,01-26,7182
2017,01-27,6823
2017,01-28,4887
2017,01-29,3461
2017,01-30,6536
2017,01-31,6813
2017,02-01,8368
2017,02-02,9536
2017,02-03,8768
2017,02-04,4838
2017,02-05,2675
2017,02-06,8521
2017,02-07,8908
2017,02-08,8748
2017,02-09,9327
2017,02-10,7922
2017,02-11,5455
2017,02-12,3908
2017,02-13,8566
2017,02-14,9489
2017,02-15,9891
2017,02-16,10172
2017,02-17,7726
2017,02-18,6530
2017,02-19,4386
2017,02-20,8592
2017,02-21,8507
2017,02-22,8923
2017,02-23,9425
2017,02-24,7603
2017,02-25,6399
2017,02-26,3912
2017,02-27,7276
2017,02-28,5934
2017,03-01,6920
2017,03-02,8474
2017,03-03,8403
2017,03-04,5736
2017,03-05,3324
2017,03-06,7040
2017,03-07,7788
2017,03-08,8422
2017,03-09,7111
2017,03-10,10366
2017,03-11,7964
2017,03-12,5380
2017,03-13,10285
2017,03-14,10791
2017,03-15,11370
2017,03-16,11313
2017,03-17,10705
2017,03-18,5013
2017,03-19,4084
2017,03-20,9849
2017,03-21,9105
2017,03-22,8786
2017,03-23,11264
2017,03-24,9881
2017,03-25,8412
2017,03-26,5402
2017,03-27,11037
2017,03-28,11773
2017,03-29,12007
2017,03-30,12409
2017,03-31,12231
2017,04-01,9789
2017,04-02,3769
2017,04-03,11625
2017,04-04,12346
2017,04-05,12559
2017,04-06,12471
2017,04-07,12272
2017,04-08,9939
2017,04-09,6678
2017,04-10,11221
2017,04-11,11866
2017,04-12,12018
2017,04-13,10655
2017,04-14,4389
2017,04-15,4445
2017,04-16,2158
2017,04-17,1976
2017,04-18,7625
2017,04-19,7627
2017,04-20,9907
2017,04-21,10091
2017,04-22,7542
2017,04-23,6900
2017,04-24,14318
2017,04-25,10842
2017,04-26,9907
2017,04-27,10052
2017,04-28,10727
2017,04-29,8933
2017,04-30,7182
2017,05-01,4867
2017,05-02,13180
2017,05-03,13474
2017,05-04,11766
2017,05-05,13153
2017,05-06,6492
2017,05-07,4384
2017,05-08,10120
2017,05-09,13937
2017,05-10,15765
2017,05-11,13346
2017,05-12,12554
2017,05-13,11732
2017,05-14,5784
2017,05-15,14520
2017,05-16,16052
2017,05-17,16804
2017,05-18,13606
2017,05-19,6970
2017,05-20,9990
2017,05-21,7813
2017,05-22,15690
2017,05-23,15917
2017,05-24,16363
2017,05-25,8430
2017,05-26,13461
2017,05-27,10091
2017,05-28,6981
2017,05-29,15426
2017,05-30,15263
2017,05-31,16336
2017,06-01,15493
2017,06-02,13628
2017,06-03,8022
2017,06-04,4943
2017,06-05,5019
2017,06-06,7827
2017,06-07,8676
2017,06-08,10789
2017,06-09,8419
2017,06-10,8067
2017,06-11,6321
2017,06-12,12352
2017,06-13,14090
2017,06-14,13616
2017,06-15,7884
2017,06-16,11442
2017,06-17,9338
2017,06-18,7372
2017,06-19,15388
2017,06-20,15724
2017,06-21,16650
2017,06-22,15523
2017,06-23,14721
2017,06-24,11395
2017,06-25,8716
2017,06-26,15061
2017,06-27,15687
2017,06-28,14748
2017,06-29,13169
2017,06-30,14304
2017,07-01,9274
2017,07-02,8191
2017,07-03,15440
2017,07-04,16790
2017,07-05,16597
2017,07-06,16436
2017,07-07,14197
2017,07-08,10438
2017,07-09,6264
2017,07-10,12589
2017,07-11,15008
2017,07-12,14220
2017,07-13,16244
2017,07-14,14149
2017,07-15,10887
2017,07-16,7921
2017,07-17,15878
2017,07-18,16283
2017,07-19,15734
2017,07-20,14993
2017,07-21,13874
2017,07-22,10912
2017,07-23,7993
2017,07-24,10594
2017,07-25,11731
2017,07-26,11819
2017,07-27,12750
2017,07-28,13817
2017,07-29,11574
2017,07-30,7053
2017,07-31,12714
2017,08-01,12391
2017,08-02,13039
2017,08-03,12849
2017,08-04,11966
2017,08-05,8740
2017,08-06,6863
2017,08-07,11812
2017,08-08,9850
2017,08-09,10767
2017,08-10,5793
2017,08-11,8394
2017,08-12,6934
2017,08-13,5543
2017,08-14,10615
2017,08-15,10780
2017,08-16,10992
2017,08-17,10466
2017,08-18,8041
2017,08-19,7120
2017,08-20,5891
2017,08-21,9498
2017,08-22,10465
2017,08-23,10475
2017,08-24,9948
2017,08-25,9427
2017,08-26,7572
2017,08-27,5195
2017,08-28,9939
2017,08-29,10571
2017,08-30,9874
2017,08-31,6156
2017,09-01,7963
2017,09-02,4919
2017,09-03,4860
2017,09-04,9934
2017,09-05,11054
2017,09-06,9985
2017,09-07,10020
2017,09-08,9714
2017,09-09,6340
2017,09-10,5390
2017,09-11,10440
2017,09-12,9188
2017,09-13,9757
2017,09-14,7479
2017,09-15,11218
2017,09-16,7793
2017,09-17,4700
2017,09-18,10454
2017,09-19,9802
2017,09-20,11694
2017,09-21,11963
2017,09-22,11504
2017,09-23,10265
2017,09-24,6340
2017,09-25,11562
2017,09-26,12528
2017,09-27,12600
2017,09-28,12146
2017,09-29,11803
2017,09-30,6947
2017,10-01,5635
2017,10-02,9013
2017,10-03,5422
2017,10-04,11818
2017,10-05,11402
2017,10-06,10025
2017,10-07,8640
2017,10-08,4143
2017,10-09,11550
2017,10-10,12606
2017,10-11,13770
2017,10-12,13587
2017,10-13,13427
2017,10-14,10124
2017,10-15,6982
2017,10-16,14580
2017,10-17,15262
2017,10-18,15402
2017,10-19,14876
2017,10-20,13265
2017,10-21,8574
2017,10-22,5270
2017,10-23,11628
2017,10-24,13872
2017,10-25,14965
2017,10-26,14673
2017,10-27,11627
2017,10-28,7774
2017,10-29,3402
2017,10-30,10451
2017,10-31,5096
2017,11-01,5224
2017,11-02,11333
2017,11-03,11455
2017,11-04,9452
2017,11-05,3634
2017,11-06,11611
2017,11-07,11211
2017,11-08,10550
2017,11-09,12143
2017,11-10,9615
2017,11-11,4681
2017,11-12,3000
2017,11-13,10315
2017,11-14,12012
2017,11-15,11346
2017,11-16,10879
2017,11-17,10561
2017,11-18,7135
2017,11-19,4315
2017,11-20,10738
2017,11-21,11842
2017,11-22,13321
2017,11-23,13240
2017,11-24,11299
2017,11-25,5146
2017,11-26,3888
2017,11-27,10418
2017,11-28,8499
2017,11-29,9655
2017,11-30,9281
2017,12-01,9158
2017,12-02,6179
2017,12-03,3346
2017,12-04,8675
2017,12-05,10910
2017,12-06,10949
2017,12-07,11498
2017,12-08,8374
2017,12-09,6386
2017,12-10,2911
2017,12-11,7043
2017,12-12,10926
2017,12-13,10751
2017,12-14,10556
2017,12-15,10078
2017,12-16,5410
2017,12-17,3889
2017,12-18,8189
2017,12-19,10366
2017,12-20,10345
2017,12-21,9918
2017,12-22,6694
2017,12-23,4223
2017,12-24,1245
2017,12-25,1191
2017,12-26,1188
2017,12-27,2759
2017,12-28,3226
2017,12-29,3661
2017,12-30,3138
2017,12-31,2050
2018,01-01,1881
2018,01-02,4817
2018,01-03,4112
2018,01-04,4425
2018,01-05,6046
2018,01-06,4548
2018,01-07,4134
2018,01-08,10116
2018,01-09,11156
2018,01-10,11408
2018,01-11,11360
2018,01-12,10527
2018,01-13,7394
2018,01-14,4596
2018,01-15,10102
2018,01-16,8588
2018,01-17,9577
2018,01-18,8293
2018,01-19,9536
2018,01-20,6349
2018,01-21,4316
2018,01-22,7932
2018,01-23,11020
2018,01-24,12227
2018,01-25,12195
2018,01-26,8574
2018,01-27,6813
2018,01-28,5004
2018,01-29,10870
2018,01-30,11413
2018,01-31,10929
2018,02-01,10454
2018,02-02,10035
2018,02-03,7102
2018,02-04,4765
2018,02-05,9974
2018,02-06,10612
2018,02-07,9767
2018,02-08,9056
2018,02-09,8934
2018,02-10,5615
2018,02-11,3123
2018,02-12,6945
2018,02-13,8632
2018,02-14,8812
2018,02-15,6674
2018,02-16,8242
2018,02-17,3359
2018,02-18,3169
2018,02-19,8996
2018,02-20,9051
2018,02-21,9338
2018,02-22,8895
2018,02-23,7898
2018,02-24,5828
2018,02-25,3438
2018,02-26,7423
2018,02-27,7197
2018,02-28,7574
2018,03-01,7750
2018,03-02,6662
2018,03-03,3363
2018,03-04,3697
2018,03-05,9204
2018,03-06,9420
2018,03-07,9269
2018,03-08,9831
2018,03-09,9257
2018,03-10,5546
2018,03-11,3702
2018,03-12,8579
2018,03-13,8213
2018,03-14,10924
2018,03-15,9177
2018,03-16,9753
2018,03-17,5483
2018,03-18,2319
2018,03-19,7587
2018,03-20,8844
2018,03-21,9541
2018,03-22,8961
2018,03-23,8959
2018,03-24,7045
2018,03-25,4583
2018,03-26,9015
2018,03-27,9089
2018,03-28,7877
2018,03-29,8717
2018,03-30,3196
2018,03-31,5116
2018,04-01,2220
2018,04-02,3413
2018,04-03,9308
2018,04-04,8976
2018,04-05,9056
2018,04-06,11106
2018,04-07,10292
2018,04-08,4336
2018,04-09,12721
2018,04-10,14548
2018,04-11,14834
2018,04-12,14711
2018,04-13,12228
2018,04-14,10395
2018,04-15,7505
2018,04-16,15439
2018,04-17,17528
2018,04-18,17696
2018,04-19,17586
2018,04-20,16016
2018,04-21,12226
2018,04-22,9125
2018,04-23,12791
2018,04-24,17127
2018,04-25,16793
2018,04-26,15832
2018,04-27,16083
2018,04-28,10051
2018,04-29,8429
2018,04-30,14759
2018,05-01,9731
2018,05-02,15279
2018,05-03,15296
2018,05-04,15318
2018,05-05,14885
2018,05-06,10048
2018,05-07,17272
2018,05-08,18043
2018,05-09,17432
2018,05-10,5080
2018,05-11,13807
2018,05-12,11176
2018,05-13,5024
2018,05-14,12770
2018,05-15,13064
2018,05-16,10738
2018,05-17,13119
2018,05-18,13915
2018,05-19,8953
2018,05-20,4741
2018,05-21,5255
2018,05-22,10367
2018,05-23,9312
2018,05-24,10379
2018,05-25,11069
2018,05-26,8627
2018,05-27,6616
2018,05-28,13381
2018,05-29,13613
2018,05-30,13942
2018,05-31,6947
2018,06-01,11919
2018,06-02,10016
2018,06-03,7168
2018,06-04,15060
2018,06-05,16141
2018,06-06,15557
2018,06-07,16049
2018,06-08,14373
2018,06-09,9957
2018,06-10,11936
2018,06-11,14022
2018,06-12,14902
2018,06-13,15828
2018,06-14,17382
2018,06-15,16117
2018,06-16,12705
2018,06-17,8785
2018,06-18,16289
2018,06-19,17684
2018,06-20,17873
2018,06-21,17025
2018,06-22,15296
2018,06-23,12596
2018,06-24,8102
2018,06-25,15726
2018,06-26,17130
2018,06-27,17728
2018,06-28,16308
2018,06-29,16052
2018,06-30,12558
2018,07-01,9115
2018,07-02,16191
2018,07-03,15069
2018,07-04,16987
2018,07-05,13548
2018,07-06,13966
2018,07-07,11953
2018,07-08,8666
2018,07-09,17228
2018,07-10,16662
2018,07-11,16968
2018,07-12,17777
2018,07-13,15958
2018,07-14,11774
2018,07-15,8243
2018,07-16,16291
2018,07-17,16961
2018,07-18,17599
2018,07-19,16982
2018,07-20,13767
2018,07-21,10814
2018,07-22,8079
2018,07-23,15050
2018,07-24,15717
2018,07-25,15801
2018,07-26,15354
2018,07-27,13900
2018,07-28,9509
2018,07-29,7071
2018,07-30,12974
2018,07-31,13183
2018,08-01,12922
2018,08-02,13012
2018,08-03,12000
2018,08-04,8451
2018,08-05,6016
2018,08-06,11487
2018,08-07,11504
2018,08-08,11580
2018,08-09,10885
2018,08-10,11416
2018,08-11,8416
2018,08-12,5679
2018,08-13,7794
2018,08-14,10951
2018,08-15,11105
2018,08-16,10726
2018,08-17,9500
2018,08-18,8175
2018,08-19,5497
2018,08-20,10283
2018,08-21,10959
2018,08-22,10704
2018,08-23,9686
2018,08-24,8016
2018,08-25,4373
2018,08-26,4828
2018,08-27,9225
2018,08-28,10630
2018,08-29,9356
2018,08-30,9905
2018,08-31,5166
2018,09-01,6746
2018,09-02,4489
2018,09-03,9998
2018,09-04,11211
2018,09-05,11736
2018,09-06,10337
2018,09-07,9998
2018,09-08,8668
2018,09-09,5942
2018,09-10,12294
2018,09-11,13064
2018,09-12,12670
2018,09-13,10855
2018,09-14,11768
2018,09-15,9533
2018,09-16,6815
2018,09-17,12468
2018,09-18,12673
2018,09-19,13266
2018,09-20,13085
2018,09-21,10340
2018,09-22,9735
2018,09-23,4268
2018,09-24,12124
2018,09-25,12716
2018,09-26,12459
2018,09-27,12787
2018,09-28,11934
2018,09-29,8743
2018,09-30,5328
2018,10-01,9897
2018,10-02,11502
2018,10-03,5370
2018,10-04,12378
2018,10-05,12295
2018,10-06,8960
2018,10-07,6457
2018,10-08,12984
2018,10-09,14474
2018,10-10,14497
2018,10-11,14476
2018,10-12,14139
2018,10-13,10968
2018,10-14,7125
2018,10-15,15531
2018,10-16,16357
2018,10-17,15970
2018,10-18,16145
2018,10-19,14003
2018,10-20,9420
2018,10-21,6052
2018,10-22,14474
2018,10-23,14825
2018,10-24,14632
2018,10-25,15522
2018,10-26,13884
2018,10-27,5685
2018,10-28,3824
2018,10-29,11337
2018,10-30,9466
2018,10-31,11824
2018,11-01,5231
2018,11-02,9333
2018,11-03,7717
2018,11-04,5229
2018,11-05,13018
2018,11-06,13488
2018,11-07,14854
2018,11-08,14018
2018,11-09,13223
2018,11-10,8797
2018,11-11,5259
2018,11-12,13730
2018,11-13,11623
2018,11-14,13853
2018,11-15,13333
2018,11-16,12053
2018,11-17,8097
2018,11-18,5472
2018,11-19,11699
2018,11-20,12266
2018,11-21,12662
2018,11-22,12655
2018,11-23,11088
2018,11-24,8315
2018,11-25,6098
2018,11-26,11139
2018,11-27,11151
2018,11-28,12538
2018,11-29,12696
2018,11-30,9204
2018,12-01,7902
2018,12-02,3548
2018,12-03,10128
2018,12-04,10860
2018,12-05,12896
2018,12-06,12745
2018,12-07,11153
2018,12-08,6998
2018,12-09,3756
2018,12-10,10817
2018,12-11,11904
2018,12-12,11876
2018,12-13,11308
2018,12-14,10490
2018,12-15,7086
2018,12-16,4149
2018,12-17,10900
2018,12-18,11910
2018,12-19,10762
2018,12-20,11213
2018,12-21,7384
2018,12-22,5190
2018,12-23,1673
2018,12-24,2209
2018,12-25,962
2018,12-26,1076
2018,12-27,3582
2018,12-28,3903
2018,12-29,3607
2018,12-30,2277
2018,12-31,3152
2019,01-01,1976
2019,01-02,5255
2019,01-03,5645
2019,01-04,5845
2019,01-05,3762
2019,01-06,2815
2019,01-07,9732
2019,01-08,9640
2019,01-09,9195
2019,01-10,9021
2019,01-11,8503
2019,01-12,5331
2019,01-13,2962
2019,01-14,9881
2019,01-15,10906
2019,01-16,11029
2019,01-17,10072
2019,01-18,9923
2019,01-19,6136
2019,01-20,3860
2019,01-21,9629
2019,01-22,9910
2019,01-23,8743
2019,01-24,9241
2019,01-25,8484
2019,01-26,6367
2019,01-27,3855
2019,01-28,8845
2019,01-29,9939
2019,01-30,9586
2019,01-31,9763
2019,02-01,7562
2019,02-02,6383
2019,02-03,3703
2019,02-04,9630
2019,02-05,10001
2019,02-06,10560
2019,02-07,9474
2019,02-08,10064
2019,02-09,6923
2019,02-10,3418
2019,02-11,8492
2019,02-12,9777
2019,02-13,10135
2019,02-14,10135
2019,02-15,9539
2019,02-16,7703
2019,02-17,5068
2019,02-18,10707
2019,02-19,10680
2019,02-20,10956
2019,02-21,11034
2019,02-22,10236
2019,02-23,7998
2019,02-24,5095
2019,02-25,10356
2019,02-26,11136
2019,02-27,11367
2019,02-28,11108
2019,03-01,7172
2019,03-02,6319
2019,03-03,4181
2019,03-04,5691
2019,03-05,7609
2019,03-06,9251
2019,03-07,8498
2019,03-08,8980
2019,03-09,5859
2019,03-10,3232
2019,03-11,7644
2019,03-12,10014
2019,03-13,9610
2019,03-14,7819
2019,03-15,7688
2019,03-16,7426
2019,03-17,4005
2019,03-18,9058
2019,03-19,10073
2019,03-20,10712
2019,03-21,10984
2019,03-22,10710
2019,03-23,8762
2019,03-24,5507
2019,03-25,9686
2019,03-26,10023
2019,03-27,10502
2019,03-28,11201
2019,03-29,11345
2019,03-30,9395
2019,03-31,5793
2019,04-01,11326
2019,04-02,12015
2019,04-03,7721
2019,04-04,6677
2019,04-05,9805
2019,04-06,8884
2019,04-07,2910
2019,04-08,10304
2019,04-09,8737
2019,04-10,8260
2019,04-11,11159
2019,04-12,10872
2019,04-13,7836
2019,04-14,3896
2019,04-15,10500
2019,04-16,10492
2019,04-17,10667
2019,04-18,10898
2019,04-19,5161
2019,04-20,6930
2019,04-21,4026
2019,04-22,4778
2019,04-23,12021
2019,04-24,11235
2019,04-25,12507
2019,04-26,8399
2019,04-27,5885
2019,04-28,4113
2019,04-29,12677
2019,04-30,14565
2019,05-01,11182
2019,05-02,12705
2019,05-03,10135
2019,05-04,5290
2019,05-05,4798
2019,05-06,12794
2019,05-07,14622
2019,05-08,11006
2019,05-09,11360
2019,05-10,12344
2019,05-11,7926
2019,05-12,5492
2019,05-13,13962
2019,05-14,14963
2019,05-15,14766
2019,05-16,14482
2019,05-17,13826
2019,05-18,10502
2019,05-19,6123
2019,05-20,8401
2019,05-21,9770
2019,05-22,15607
2019,05-23,16628
2019,05-24,14992
2019,05-25,10324
2019,05-26,8577
2019,05-27,14384
2019,05-28,11891
2019,05-29,14101
2019,05-30,7870
2019,05-31,12730
2019,06-01,10581
2019,06-02,7330
2019,06-03,14522
2019,06-04,16514
2019,06-05,16288
2019,06-06,11896
2019,06-07,12820
2019,06-08,9441
2019,06-09,4643
2019,06-10,2799
2019,06-11,8331
2019,06-12,9086
2019,06-13,10885
2019,06-14,9432
2019,06-15,7185
2019,06-16,5733
2019,06-17,13271
2019,06-18,14271
2019,06-19,14246
2019,06-20,6512
2019,06-21,11919
2019,06-22,10016
2019,06-23,7168
2019,06-24,15060
2019,06-25,16481
2019,06-26,15525
2019,06-27,15525
2019,06-28,15567
2019,06-29,12009
2019,06-30,10628
2019,07-01,14319
2019,07-02,17005
2019,07-03,17195
2019,07-04,17299
2019,07-05,15488
2019,07-06,11226
2019,07-07,8186
2019,07-08,13692
2019,07-09,16619
2019,07-10,16546
2019,07-11,14747
2019,07-12,12005
2019,07-13,10050
2019,07-14,5553
2019,07-15,15021
2019,07-16,16721
2019,07-17,16698
2019,07-18,16475
2019,07-19,16777
2019,07-20,13229
2019,07-21,9280
2019,07-22,15675
2019,07-23,15877
2019,07-24,15502
2019,07-25,15143
2019,07-26,13901
2019,07-27,9578
2019,07-28,4169
2019,07-29,13717
2019,07-30,14235
2019,07-31,14366
2019,08-01,13969
2019,08-02,12718
2019,08-03,9815
2019,08-04,6586
2019,08-05,12086
2019,08-06,12009
2019,08-07,7650
2019,08-08,12661
2019,08-09,10992
2019,08-10,7950
2019,08-11,4791
2019,08-12,8633
2019,08-13,11160
2019,08-14,11524
2019,08-15,9357
2019,08-16,10712
2019,08-17,7913
2019,08-18,5247
2019,08-19,8567
2019,08-20,6933
2019,08-21,10526
2019,08-22,10487
2019,08-23,9922
2019,08-24,7746
2019,08-25,5298
2019,08-26,9913
2019,08-27,10665
2019,08-28,10410
2019,08-29,10213
2019,08-30,10243
2019,08-31,8508
2019,09-01,5321
2019,09-02,10623
2019,09-03,11535
2019,09-04,11815
2019,09-05,9659
2019,09-06,10173
2019,09-07,7712
2019,09-08,2499
2019,09-09,11114
2019,09-10,12400
2019,09-11,12335
2019,09-12,12648
2019,09-13,11913
2019,09-14,9157
2019,09-15,6057
2019,09-16,12545
2019,09-17,12868
2019,09-18,12333
2019,09-19,11577
2019,09-20,15066
2019,09-21,9665
2019,09-22,5233
2019,09-23,10089
2019,09-24,11141
2019,09-25,10631
2019,09-26,10406
2019,09-27,9585
2019,09-28,9677
2019,09-29,5451
2019,09-30,11607
2019,10-01,11345
2019,10-02,10161
2019,10-03,5803
2019,10-04,7842
2019,10-05,5955
2019,10-06,3580
2019,10-07,11107
2019,10-08,11246
2019,10-09,10011
2019,10-10,10566
2019,10-11,12739
2019,10-12,9583
2019,10-13,6802
2019,10-14,13383
2019,10-15,11205
2019,10-16,13478
2019,10-17,12290
2019,10-18,10671
2019,10-19,5245
2019,10-20,5894
2019,10-21,11715
2019,10-22,13332
2019,10-23,13401
2019,10-24,14012
2019,10-25,14207
2019,10-26,10137
2019,10-27,5968
2019,10-28,9410
2019,10-29,8888
2019,10-30,8616
2019,10-31,9926
2019,11-01,4169
2019,11-02,6324
2019,11-03,3497
2019,11-04,10006
2019,11-05,12022
2019,11-06,11920
2019,11-07,11688
2019,11-08,10080
2019,11-09,8033
2019,11-10,5535
2019,11-11,10741
2019,11-12,11668
2019,11-13,11838
2019,11-14,11825
2019,11-15,11022
2019,11-16,8328
2019,11-17,3494
2019,11-18,9273
2019,11-19,11118
2019,11-20,10623
2019,11-21,11433
2019,11-22,10782
2019,11-23,7275
2019,11-24,4840
2019,11-25,11189
2019,11-26,12048
2019,11-27,11245
2019,11-28,10663
2019,11-29,9778
2019,11-30,7731
2019,12-01,4080
2019,12-02,10512
2019,12-03,11316
2019,12-04,11317
2019,12-05,10490
2019,12-06,10225
2019,12-07,7247
2019,12-08,4918
2019,12-09,9242
2019,12-10,11409
2019,12-11,9542
2019,12-12,10554
2019,12-13,8024
2019,12-14,7151
2019,12-15,4231
2019,12-16,11839
2019,12-17,12703
2019,12-18,12693
2019,12-19,12667
2019,12-20,7723
2019,12-21,6945
2019,12-22,2236
2019,12-23,4819
2019,12-24,1845
2019,12-25,1020
2019,12-26,1211
2019,12-27,3437
2019,12-28,3694
2019,12-29,2199
2019,12-30,4959
2019,12-31,3445
2020,01-01,1904
2020,01-02,4822
2020,01-03,5797
2020,01-04,5416
2020,01-05,3803
2020,01-06,4204
2020,01-07,10680
2020,01-08,11137
2020,01-09,12138
2020,01-10,10891
2020,01-11,8361
2020,01-12,4853
2020,01-13,11142
2020,01-14,11361
2020,01-15,12240
2020,01-16,12442
2020,01-17,9709
2020,01-18,7548
2020,01-19,4391
2020,01-20,11086
2020,01-21,11335
2020,01-22,9645
2020,01-23,9619
2020,01-24,10102
2020,01-25,7594
2020,01-26,4717
2020,01-27,10203
2020,01-28,9224
2020,01-29,9874
2020,01-30,10836
2020,01-31,10610
2020,02-01,7128
2020,02-02,4326
2020,02-03,8236
2020,02-04,10356
2020,02-05,11918
2020,02-06,11420
2020,02-07,10510